{
  "project_info": {
    "project_number": "601847444932",
    "firebase_url": "https://schoolbus-3e8b4.firebaseio.com",
    "project_id": "schoolbus-3e8b4",
    "storage_bucket": "schoolbus-3e8b4.appspot.com"
  },
  "client": [
    {
      "client_info": {
        "mobilesdk_app_id": "1:601847444932:android:3f05f03052edb6b3",
        "android_client_info": {
          "package_name": "com.cic.hallym.schoolbus"
        }
      },
      "oauth_client": [
        {
          "client_id": "601847444932-mp7d8pkifojo8raon8c3ge7e1mrfsaaf.apps.googleusercontent.com",
          "client_type": 3
        }
      ],
      "api_key": [
        {
          "current_key": "AIzaSyCMv1qFj2NRlmTSGPF_-yFXbKBtbsz1XUY"
        }
      ],
      "services": {
        "analytics_service": {
          "status": 1
        },
        "appinvite_service": {
          "status": 1,
          "other_platform_oauth_client": []
        },
        "ads_service": {
          "status": 2
        }
      }
    }
  ],
  "configuration_version": "1"
}